a,29887
have,28495
i,25627
the,24977
?,20633
with,19298
do,14706
no,14704
.,14641
in,13812
on,13482
yes,12045
and,11763
|,|,11058
that,9390
one,9345
you,8978
of,7545
guy,6596
man,6257
white,5954
red,5878
shirt,5254
to,5152
it,5048
n't,4632
is,4503
blue,3936
black,3900
woman,3844
not,3441
again,3431
two,3198
green,2892
girl,2674
nope,2477
front,2412
bike,2408
ok,2404
cake,2345
lady,2279
orange,2228
holding,2173
laptop,2098
truck,2061
next,1972
!,1914
dog,1891
at,1833
yellow,1830
's,1815
too,1729
bus,1695
pink,1635
an,1619
sitting,1589
this,1560
same,1547
picture,1534
2,1527
me,1525
dont,1486
about,1479
my,1431
car,1424
done,1398
his,1381
looking,1317
wearing,1294
her,1286
people,1283
time,1280
for,1270
table,1263
okay,1255
last,1253
pizza,1215
boy,1214
got,1194
what,1193
couch,1148
umbrella,1143
bench,1092
back,1080
all,1079
phone,1052
kid,1049
cat,1032
motorcycle,1032
left,1002
standing,996
see,996
top,989
also,989
hat,972
elephant,970
plate,969
cup,965
has,930
right,930
board,923
there,921
3,920
like,917
are,916
brown,913
little,873
baby,859
behind,831
kids,830
eating,822
women,822
him,820
dress,795
bowl,772
but,763
suitcase,758
photo,751
train,748
striped,743
person,739
food,736
how,727
bear,719
three,717
tv,715
any,709
he,709
up,707
highlighted,707
yep,696
hot,694
men,693
playing,675
background,651
hand,648
'm,644
something,636
by,635
fridge,629
guys,629
other,624
old,614
helmet,608
so,606
looks,601
different,595
then,594
or,585
glass,584
laying,583
coffee,580
camera,579
out,577
mine,568
),555
bed,554
think,551
chair,550
big,543
hi,541
dogs,536
more,522
hair,520
as,517
donut,511
down,509
we,508
side,505
kitchen,504
child,501
yeah,498
from,492
over,492
silver,490
surfboard,490
common,489
...,488
suit,483
cutting,483
purple,479
sorry,476
plaid,474
wii,469
small,455
plates,452
riding,450
now,447
page,446
oven,446
glasses,445
pic,445
your,444
grey,438
jacket,436
smiling,432
room,430
candles,430
large,424
them,422
here,421
remote,420
open,419
some,419
dark,416
yours,410
hello,404
first,404
blonde,402
vest,401
questions,399
teddy,398
lol,385
good,385
,383
talking,383
head,380
van,376
she,373
asian,367
just,366
reading,360
taking,358
putting,358
gray,345
did,344
submit,343
:,343
go,343
(,343
chocolate,343
light,342
does,340
shorts,337
tank,335
well,334
boat,332
wine,330
fries,330
've,327
if,327
water,327
its,326
rice,325
-,325
long,319
mirror,319
be,317
into,315
backpack,315
t,311
donuts,311
am,309
4,300
another,300
can,299
older,299
beer,297
image,297
ready,296
book,296
soccer,295
sign,293
tan,293
around,292
oh,290
window,289
beside,288
ladies,285
police,285
was,281
near,279
skateboard,278
parking,277
box,274
banana,273
parked,273
screen,270
im,269
yup,269
lap,269
either,265
laptops,265
trunk,264
wall,264
thats,262
sleeping,258
great,256
bananas,255
mug,255
still,253
panda,253
mouse,252
else,251
hotdog,250
statue,250
apron,249
facing,247
fork,246
both,245
carrying,244
1,240
stuffed,239
pants,239
drink,236
scarf,235
toddler,233
salad,232
middle,232
fruit,231
thing,231
cream,231
jeans,230
someone,229
only,229
wood,228
shirtless,228
round,227
thanks,227
between,226
frisbee,225
being,224
submitted,223
pulling,223
cell,223
bikini,222
cool,222
army,220
shirts,219
going,217
outside,217
elephants,216
sandwich,215
bottle,213
they,211
writing,211
ok.,210
luggage,209
floor,208
says,208
off,208
cheese,207
gas,204
straw,204
bikes,204
tie,204
5,203
square,202
walking,202
windows,201
skirt,201
touching,200
stripes,197
stuff,197
leather,193
girls,193
lying,190
leaning,190
handstand,189
wait,187
knife,187
station,186
half,186
their,185
road,184
couple,183
'',182
computer,181
birthday,181
ice,180
tray,178
monk,176
four,174
young,173
arm,173
``,173
dish,172
corner,172
shark,172
had,171
bears,171
game,171
w,170
muffin,170
doing,168
hands,168
beard,168
anything,167
watching,166
need,165
cap,165
beach,165
chairs,162
wooden,162
seat,162
grass,162
keyboard,161
sofa,161
godiva,161
pictures,159
set,158
face,158
mickey,158
baseball,157
before,157
those,155
maybe,154
petting,154
u,153
bowls,152
sure,150
stripe,150
carrots,149
furniture,149
blond,148
bunch,147
bag,147
tow,147
lot,146
group,146
k,146
surf,146
close,145
flag,143
colored,142
dude,142
coat,141
tshirt,141
military,140
flowers,139
&,138
bread,138
empty,138
inside,137
slice,137
cop,137
making,137
though,136
cleaning,135
beets,135
pot,135
color,134
waiting,134
short,133
mouth,131
camo,131
stop,130
haha,130
lit,130
bald,130
schepps,129
subway,129
ikea,127
coke,127
door,127
cut,126
salvation,126
polka,125
each,125
kayak,125
us,124
vehicle,124
blurry,124
painting,123
reaching,123
shoes,123
showing,122
basket,121
others,119
dishes,118
mercedes,118
'll,116
end,115
feet,115
ground,115
while,115
napkin,115
cars,114
alright,114
stand,113
know,113
toy,113
dolls,113
socks,113
tree,112
moving,112
look,111
plant,110
feeding,110
pointing,110
anymore,110
booth,110
submitting,109
will,109
ones,109
officer,109
sleeve,108
trucks,107
bottles,107
case,107
life,106
pie,106
lights,105
sweater,105
above,104
sauce,104
clear,103
away,103
counter,103
street,103
mom,103
boards,103
meter,103
refresh,102
animal,102
're,102
kind,102
bicycle,102
dot,102
grill,102
beige,101
weird,101
sleeves,101
wires,101
bottom,100
hey,100
under,100
bright,100
let,100
third,100
button,99
working,99
cane,99
strawberry,99
logo,98
crowd,98
getting,98
veggies,97
bearded,97
rider,96
ball,96
uniform,96
tea,96
vase,95
lamp,95
carrot,95
glove,94
say,92
soup,92
sunglasses,92
living,91
wheels,91
hit,91
kill,91
piece,90
using,90
towing,90
paw,89
line,89
which,89
full,89
stone,89
stripped,88
pan,87
drinking,87
finally,87
turn,87
tail,86
ask,86
should,85
mean,85
dirt,84
phones,84
oranges,83
second,83
spoon,83
very,83
restaurant,83
california,82
floral,82
try,82
refrigerator,82
finished,82
shadow,82
park,82
question,81
house,81
m10,81
container,80
dad,80
traffic,80
infront,80
blanket,79
books,79
loading,79
tomato,79
legs,79
vegetables,78
ca,78
bending,78
bmw,78
haired,77
shaking,76
peace,76
boys,76
huge,76
apple,76
containers,75
pickup,75
things,75
view,75
hoodie,75
star,75
gloves,74
cycle,74
surfing,74
were,73
cups,73
shot,73
dressed,73
ribbon,73
fedex,72
teapot,72
fireplace,71
guess,71
sugar,71
yea,71
wet,71
nutella,71
children,70
thank,70
xp,70
wetsuit,70
helmets,70
scooter,70
opening,70
jumping,70
through,70
;,69
pillows,68
photos,68
ahead,68
powdered,68
platform,68
don,68
letters,67
biker,67
boxes,67
jordan,67
described,67
costume,67
suits,67
greens,67
glazed,67
written,66
uniforms,66
coming,66
sort,66
bedroom,66
towards,66
grapefruit,66
tell,66
jb,66
navy,66
eaten,66
missing,66
climbing,66
bent,66
pole,65
fat,65
ear,65
lots,64
driving,64
fire,64
spaghetti,63
describe,63
nice,63
checkered,63
might,63
kneeling,63
paper,63
five,63
meters,63
trying,62
broccoli,62
colorful,62
get,62
frosting,62
umbrellas,62
eyes,61
covered,61
motorbike,61
brownies,61
move,61
surfboards,61
giant,61
chinese,60
noodles,60
awesome,60
against,60
correct,60
n,60
collar,60
cooking,60
cellphone,60
soldier,60
mascot,60
hood,60
pigtails,59
rug,59
tanks,59
',59
jackets,59
video,59
mark,58
posing,58
double,58
towed,58
really,57
controller,57
couches,57
policeman,57
closed,57
propane,57
where,57
logs,56
candle,56
c'est,56
fast,56
mini,56
american,55
fence,55
visible,55
who,55
heavy,55
suv,55
yet,54
far,54
asleep,54
theres,54
kilt,54
dunkin,54
tall,54
onto,53
would,53
motorcyle,53
check,53
junk,53
ocean,53
brushing,53
row,53
roses,52
seems,52
burger,52
type,52
icing,52
race,52
actually,52
part,52
blackberry,52
messy,51
way,51
tomatoes,51
said,51
giving,51
pizzas,51
suitcases,51
magnets,51
hugging,51
ponytail,50
nothing,50
pile,50
>,50
marine,50
hotdogs,50
cow,50
want,50
plastic,50
neon,50
held,50
ha,50
celery,49
recliner,49
outfit,49
wrong,49
lastly,49
blurred,49
stove,49
thought,48
mentioned,48
images,48
match,48
almost,48
egg,48
mostly,48
â€™,48
lifting,47
sleeved,47
pug,47
waving,47
trim,47
whole,47
french,47
sounds,46
start,46
handle,46
mother,46
arms,46
boa,46
3rd,45
stainless,45
pick,45
without,45
bow,45
syrup,45
carpet,45
/,45
railing,45
refreshed,44
straps,44
when,44
steel,44
our,44
shoulder,44
foreground,44
wheel,44
play,43
problem,43
center,43
marked,43
few,43
drinks,43
jar,43
son,43
sand,43
checked,43
flower,43
father,42
hard,42
male,42
tattoo,42
refreshing,42
greenish,42
stuck,42
garage,42
doughnut,42
taken,42
english,42
tee,42
british,42
rain,42
trailer,41
stomach,41
spot,41
ramp,41
gold,41
already,41
cloth,41
high,41
filled,41
headband,41
holes,41
aprons,41
together,40
watch,40
having,40
family,40
hes,40
pack,40
bento,40
polo,40
fed,40
sections,39
sprinkling,39
games,39
perfect,39
final,39
lines,39
license,39
ketchup,39
neck,39
upside,39
boxing,39
asked,39
tennis,39
pooh,39
field,39
hold,39
typing,39
tower,39
motorcycles,39
beers,38
moon,38
river,38
jersey,38
ah,38
pics,38
alone,38
meant,38
o,38
pastry,38
bun,37
believe,37
throw,37
many,37
clothes,37
grapes,37
ex,37
highlight,37
cartoon,37
rock,37
decker,37
stack,36
sports,36
walls,36
matching,36
than,36
+,36
earlier,36
doughnuts,36
rack,36
chest,36
pacifier,36
lets,36
bucket,36
purse,36
metal,35
could,35
dots,35
night,35
flannel,35
bookshelf,35
opposite,35
bad,35
doors,35
motor,35
shaped,35
oops,35
firetruck,35
desk,35
twilight,35
female,35
new,35
pattern,35
monitor,35
ladder,35
bar,35
cabinet,34
daughter,34
yay,34
construction,34
crouching,34
hanging,34
khaki,34
cargo,34
iced,34
lunch,34
iphone,34
multi,33
these,33
cushions,33
sun,33
vehicles,33
squatting,33
seen,33
toward,33
elderly,33
combing,33
bags,33
reddish,33
foot,33
poncho,33
ainscough,33
teal,32
loaf,32
take,32
outdoor,32
bite,32
design,32
hmm,32
cart,32
palm,32
kk,32
similar,31
ive,31
choc,31
rainbow,31
single,31
previous,31
feather,31
winnie,31
flames,31
plain,31
beret,31
stopped,30
place,30
soda,30
scuba,30
space,30
work,30
remotes,30
golden,30
shirted,30
several,30
cafe,30
6,30
placing,30
control,30
flat,30
preparing,30
business,30
pointed,30
appears,30
low,30
below,29
sides,29
forward,29
ahve,29
passing,29
microwave,29
lime,29
once,29
sweet,29
mack,29
skateboarder,29
beaver,29
staring,29
bagel,29
cant,29
stool,29
emergency,29
fake,29
pepper,29
juice,29
turkey,29
barefoot,29
wi,29
blood,28
oval,28
must,28
froze,28
resting,28
sparkler,28
tablecloth,28
racing,28
officers,28
please,28
aqua,28
dc,28
african,27
pinkish,27
make,27
even,27
jerseys,27
loaded,27
none,27
mud,27
wear,27
may,27
pitcher,27
players,27
kinda,27
onesie,27
meal,27
show,26
fried,26
colors,26
selection,26
fruits,26
bit,26
because,26
sky,26
pineapple,26
sandwhich,26
peach,26
point,26
rail,26
doorway,26
chat,26
messing,26
texting,26
pony,26
speeding,26
opened,25
probably,25
hotel,25
trees,25
shes,25
skateboarding,25
flip,25
na,25
hamburger,25
alley,25
stacked,25
upper,25
3.,25
blowing,25
p,25
frame,25
moped,25
riders,25
crossing,25
airport,25
cest,25
uk,25
word,24
frozen,24
across,24
pomeranian,24
1.,24
appliance,24
teacup,24
candy,24
backs,24
pillow,24
2nd,24
mac,24
school,24
397,24
band,24
benz,24
serving,24
cops,24
turned,24
island,24
shake,24
bacon,24
overhead,24
raincoat,24
slices,24
airplane,24
leafy,23
shade,23
worked,23
maroon,23
dinner,23
sticker,23
number,23
library,23
wave,23
s,23
worries,23
click,23
poodle,23
178,23
woolwich,23
come,23
slicing,23
hats,23
patterned,23
headless,23
macaroons,23
milk,23
peeking,23
stick,23
compartments,22
belly,22
slow,22
coffe,22
items,22
larger,22
d,22
dirtbike,22
r,22
give,22
chihuahua,22
sideways,22
lighting,22
vanilla,22
lane,22
fedora,22
cakes,22
attached,22
garbage,22
semi,22
mans,22
younger,22
ledge,22
scooping,22
teens,22
intersection,22
happy,22
overalls,22
edge,21
headphones,21
parade,21
gone,21
seats,21
ugly,21
tables,21
read,21
exactly,21
answer,21
gear,21
tanktop,21
infant,21
wire,21
himself,21
throwing,21
alcohol,21
nearby,21
mitt,21
made,21
dudes,21
yellowish,21
send,21
wagon,21
flame,21
milkshake,21
seated,21
whit,21
mobile,21
charging,21
cauliflower,21
cabinets,20
adult,20
sliced,20
past,20
separate,20
workers,20
icecream,20
didnt,20
answers,20
buses,20
put,20
coach,20
partially,20
border,20
pancake,20
name,20
retriever,20
bandana,20
pasta,20
samsung,20
cover,20
frosted,20
style,19
jean,19
trash,19
fine,19
tiny,19
robe,19
trike,19
bathing,19
after,19
bundt,19
friend,19
divided,19
antenna,19
draped,19
fancy,19
fluffy,19
lab,19
tag,19
anyone,19
zipped,19
doll,19
reflection,19
sweatshirt,19
teenager,19
bushes,19
axil,19
tractor,19
veg,19
kettle,19
skate,19
happened,19
rear,19
2.,19
hootsen,19
selfie,19
teddybear,19
ish,18
underneath,18
strip,18
directions,18
straight,18
pajamas,18
tails,18
tattoos,18
peas,18
sheet,18
vests,18
sleeveless,18
..,18
poking,18
petted,18
balding,18
drizzle,18
powder,18
much,18
finish,18
tires,18
y,18
ya,18
filling,18
packets,18
wallet,18
slouched,18
bbq,18
posters,18
sprinkles,18
photographer,18
1st,18
unloading,18
baskets,18
clicked,18
livingroom,18
layer,18
winter,18
asking,17
carseat,17
buttons,17
lighted,17
rest,17
definitely,17
been,17
ppl,17
cola,17
checking,17
partner,17
eat,17
everything,17
e,17
list,17
closest,17
headlight,17
safety,17
fridges,17
packers,17
along,17
teddies,17
clothing,17
pc,17
coats,17
ok..,17
grilling,17
renaissance,17
helping,17
pulled,17
profile,17
beanie,17
gon,17
macbook,17
chrome,17
naked,17
bronze,17
4x4,17
mattress,17
cushion,17
building,17
lunchbox,17
noodle,17
circle,16
cats,16
trays,16
splashing,16
cans,16
pigtail,16
grabbing,16
hauling,16
description,16
th,16
persons,16
brownie,16
circular,16
buddhist,16
coca,16
yo,16
six,16
times,16
breakfast,16
excellent,16
seem,16
cheesecake,16
hae,16
real,16
whats,16
countertop,16
sad,16
surfer,16
fender,16
arrow,16
section,16
fixing,16
interviewing,16
angle,16
nah,16
raft,16
hahaha,16
#,16
shit,16
wonder,16
select,16
wheeler,16
sticking,16
dr,16
action,16
liquid,16
bib,16
funny,15
dotted,15
vans,15
balcony,15
pig,15
brownish,15
paint,15
machine,15
why,15
store,15
fry,15
remember,15
air,15
besides,15
multiple,15
classic,15
alphabet,15
continue,15
saw,15
sport,15
catch,15
ye,15
ring,15
describing,15
smaller,15
pancakes,15
loveseat,15
balls,15
medieval,15
job,15
moto,15
painted,15
sidewalk,15
chick,15
gathered,15
unless,15
focus,15
rust,15
sectional,15
surface,15
day,14
wo,14
letter,14
diff,14
animals,14
thumb,14
lemon,14
shape,14
area,14
etc,14
sofas,14
crossed,14
curry,14
setting,14
wit,14
delivering,14
letting,14
told,14
slouching,14
computers,14
meat,14
napping,14
chef,14
dessert,14
vintage,14
strap,14
crazy,14
tin,14
curly,14
figure,14
bicyclist,14
aged,14
boots,14
selected,14
decorating,14
triangle,14
shiny,14
shows,14
steam,14
engine,14
missed,14
non,14
diaper,14
motorcross,14
compartment,14
cruiser,14
surboard,14
cowboy,14
liter,14
pale,14
holder,14
sleep,14
packing,14
pop,14
nose,14
puppy,14
mat,13
limes,13
owner,13
nobody,13
worker,13
neither,13
curtains,13
headed,13
=,13
sat,13
goes,13
talked,13
saying,13
watches,13
body,13
load,13
beats,13
objects,13
change,13
casting,13
item,13
itself,13
smile,13
reload,13
m,13
keep,13
flowered,13
message,13
least,13
player,13
shown,13
alrighty,13
help,13
pinstripe,13
ill,13
stars,13
glaze,13
newborn,13
nintendo,13
dump,13
lemons,13
isnt,13
overweight,13
symbol,13
khakis,13
rearview,13
matter,13
chips,13
magazine,13
solid,13
strange,13
motion,13
chubby,13
odd,13
extended,13
busses,13
pretty,13
antique,13
8,13
darker,13
afghan,13
wireless,13
supposed,13
closing,13
shaved,13
salsa,13
lotion,12
direction,12
v,12
mistake,12
directly,12
bicycles,12
smartphone,12
hmmm,12
hope,12
surrounding,12
lone,12
feedback,12
city,12
tricycle,12
gentleman,12
report,12
witha,12
pet,12
peel,12
never,12
mind,12
eye,12
orangish,12
fingers,12
pad,12
works,12
anywhere,12
ugh,12
robes,12
japanese,12
rectangular,12
dirty,12
wiimote,12
darn,12
passed,12
bigger,12
slightly,12
frig,12
dr.,12
poster,12
benches,12
blazer,12
hispanic,12
telephone,12
wok,12
call,12
chipmunk,12
faces,12
backwards,12
wears,12
exact,12
today,12
cali,12
argyle,12
canoe,12
followed,12
arches,12
suite,12
tupperware,12
hav,12
sushi,12
gaming,12
shelf,12
edges,12
multicolored,12
topless,12
spooning,12
sideview,12
movie,12
smoothie,12
paddle,12
patting,12
umberlla,12
fuzzy,12
olive,12
doesnt,11
skin,11
drawing,11
fun,11
curb,11
seethala,11
silverware,11
tour,11
went,11
brocolli,11
earbuds,11
2303,11
buy,11
rather,11
keeps,11
split,11
mcmuffin,11
wow,11
pen,11
reporter,11
gotcha,11
distance,11
okey,11
pouring,11
knee,11
reason,11
females,11
faster,11
closeup,11
deck,11
rocks,11
formal,11
chili,11
lampshade,11
shed,11
redhead,11
patio,11
morning,11
blk,11
flying,11
parasol,11
armchair,11
racer,11
extra,11
driver,11
marta,11
service,11
microphone,11
footstool,11
metro,11
toys,11
rim,11
inbetween,11
sweeper,11
catching,11
fighting,11
pages,11
crouched,11
divers,11
topped,11
skinned,11
cam,11
dint,11
siting,11
highway,11
sweatband,11
platter,11
oriental,11
cases,11
mii,11
sub,11
locomotive,11
bare,11
kitty,11
keys,11
tinted,11
bday,10
motercycle,10
blouse,10
possibly,10
television,10
luck,10
wathura,10
instructions,10
came,10
'd,10
whatever,10
better,10
selections,10
stoplight,10
teh,10
barely,10
shoulders,10
lagging,10
motorcylce,10
hip,10
solo,10
pretending,10
print,10
guessing,10
policemen,10
nop,10
nametag,10
ginger,10
idea,10
assume,10
cluttered,10
adults,10
anyway,10
running,10
hve,10
bluish,10
roll,10
roof,10
ur,10
pov,10
raspberry,10
wheeled,10
happen,10
controllers,10
lower,10
tarmac,10
most,10
such,10
drunk,10
pocket,10
skillet,10
display,10
skinny,10
shining,10
swimsuit,10
redish,10
rolling,10
motocycle,10
touch,10
corn,10
highlights,10
scene,10
peaches,10
always,10
latte,10
chin,10
newspaper,10
lil,10
],10
belt,10
year,10
paws,10
santa,10
gorilla,10
messed,10
sunlight,10
papers,10
mote,10
pic..,10
pjs,10
husband,10
frige,10
transparent,10
vespa,10
frilly,10
wrap,10
obese,10
sprinkle,9
b,9
count,9
character,9
shredded,9
guitar,9
tho,9
minutes,9
tried,9
email,9
rectangle,9
chevy,9
return,9
leaves,9
turquoise,9
upright,9
digital,9
referring,9
checkerboard,9
ceiling,9
gotten,9
np,9
chess,9
able,9
sailors,9
blues,9
sprinkled,9
bingo,9
printed,9
underground,9
ihave,9
camouflage,9
complete,9
funky,9
sink,9
negative,9
headlights,9
mexican,9
since,9
means,9
parts,9
placemat,9
blur,9
flowery,9
seeing,9
reloaded,9
collared,9
firetrucks,9
es,9
hooked,9
firewood,9
tops,9
paid,9
surrounded,9
cooler,9
uh,9
shawl,9
home,9
soldiers,9
umb,9
rocky,9
cross,9
leg,9
remaining,9
creepy,9
strips,9
trains,9
seating,9
ankle,9
sock,9
teen,9
art,9
foam,9
lifted,9
smirking,9
football,9
spread,9
outdoors,9
u.s.,9
tire,9
arugula,9
flashing,9
form,9
delivery,9
students,9
falling,9
messages,9
fuzz,9
refrigerators,9
tatoo,9
towel,9
strapped,9
trouser,9
step,9
fashioned,9
onsie,9
boring,9
latino,9
bikers,9
operating,9
lined,9
floors,8
contact,8
find,8
o.k,8
rolled,8
stir,8
plus,8
fighters,8
freezing,8
steak,8
motorcyclist,8
seperate,8
answered,8
bout,8
decorated,8
vegtables,8
object,8
reloading,8
yes..,8
decoration,8
pda,8
moved,8
peels,8
wont,8
until,8
scroll,8
chicken,8
agree,8
idk,8
text,8
connected,8
track,8
sir,8
sloppy,8
10,8
highchair,8
mounted,8
completely,8
childs,8
banner,8
diner,8
choclate,8
system,8
fold,8
covering,8
umm,8
emblem,8
choose,8
ot,8
blueish,8
ramen,8
post,8
thingy,8
forget,8
no..,8
raised,8
buggy,8
wipers,8
cropped,8
arabic,8
ther,8
dive,8
industrial,8
39,8
grandma,8
necklace,8
scheppa,8
glad,8
smiley,8
veggie,8
pom,8
l,8
pump,8
bin,8
longsleeve,8
lifejacket,8
backround,8
stationary,8
beverage,8
hm,8
pajama,8
party,8
sharing,8
btw,8
digging,8
present,8
happening,8
chopping,8
bicyle,8
7up,8
harness,8
flooring,8
violet,8
took,8
cammo,8
costco,8
roadkill,8
minute,8
heads,8
kills,8
camper,8
passes,8
nuts,8
afc,8
granny,8
mountains,8
hill,8
citrus,8
trousers,8
clicking,8
streak,8
squid,8
macroons,8
mic,8
shelves,7
length,7
care,7
hole,7
sleeper,7
wth,7
choices,7
resubmit,7
grown,7
whether,7
aerial,7
welcome,7
biting,7
wedge,7
handstanding,7
cutoff,7
appear,7
dragging,7
confused,7
broken,7
agreed,7
spots,7
iwth,7
trailor,7
factory,7
gut,7
scared,7
unbrella,7
cords,7
ona,7
hte,7
handlebars,7
feel,7
closer,7
however,7
quick,7
sausage,7
saddle,7
someones,7
leaving,7
packet,7
locked,7
utensils,7
sized,7
tshirts,7
\,7
stretched,7
plush,7
brunette,7
mugs,7
scoop,7
7,7
played,7
shoot,7
powered,7
clock,7
re,7
herself,7
mountain,7
modern,7
sec,7
thick,7
toothbrush,7
displayed,7
flags,7
counts,7
ave,7
changed,7
teenage,7
best,7
tilted,7
fourth,7
option,7
lounging,7
ears,7
tutu,7
fan,7
toothbrushes,7
playstation,7
picking,7
panel,7
macarons,7
photography,7
dandelion,7
steps,7
public,7
donot,7
toppings,7
jump,7
sandwiches,7
retro,7
gal,7
fabric,7
spoiler,7
dang,7
nevermind,7
poka,7
flatbed,7
yello,7
candleabra,7
briefcase,7
glowing,7
blow,7
fatigues,7
massive,7
pant,7
looked,7
cardboard,7
hut,7
quite,7
shop,7
turning,7
topping,7
barrow,7
bmx,7
column,7
tied,7
ar,7
jelly,7
string,7
captain,7
america,7
sectioned,7
avatar,7
storage,7
potatoes,7
pointy,7
guard,7
39t,7
coal,7
commercial,7
exit,7
canvas,7
dimpled,7
lavender,7
halloween,7
snacks,7
schepp,7
robin,7
curve,7
motarcycle,7
tolled,7
fron,6
following,6
cocktail,6
statute,6
size,6
pin,6
matches,6
fountain,6
true,6
cyclist,6
photograph,6
firefighters,6
desserts,6
listening,6
label,6
photographing,6
gravy,6
boxy,6
starting,6
splashed,6
wiping,6
peaking,6
tht,6
easy,6
wiht,6
pay,6
gross,6
buss,6
ship,6
specific,6
gets,6
course,6
further,6
proceed,6
except,6
requester,6
sent,6
hear,6
frustrating,6
uhaul,6
alternate,6
potato,6
.i,6
instead,6
sound,6
understand,6
identical,6
wrapped,6
nasty,6
heavyset,6
checker,6
everyone,6
wan,6
broke,6
lmao,6
showed,6
atari,6
sanuk,6
scherpps,6
keeping,6
hopefully,6
dining,6
eight,6
bummer,6
magnetic,6
magnet,6
sometimes,6
takes,6
eachother,6
log,6
sea,6
x,6
makes,6
xd,6
rose,6
lag,6
trunks,6
woman*,6
cones,6
repeat,6
windshield,6
bundle,6
swimming,6
swim,6
kelsey,6
undershirt,6
greyish,6
unfinished,6
choco,6
shut,6
walk,6
cape,6
casserole,6
twins,6
laid,6
clean,6
signal,6
fish,6
differnt,6
foods,6
forkful,6
stripey,6
utensil,6
nd,6
weenie,6
lettering,6
motobike,6
beet,6
hunched,6
tart,6
spotted,6
12,6
fps,6
salads,6
chopsticks,6
footrest,6
caps,6
asain,6
glitched,6
holds,6
security,6
blocking,6
servicemen,6
blown,6
bagels,6
dole,6
guide,6
ghandi,6
typo,6
meaning,6
trimmed,6
waits,6
cuffs,6
anscough,6
figurine,6
naval,6
plad,6
backpacks,6
blind,6
deserts,6
tangle,6
wierd,6
minifridge,6
inspecting,6
tint,6
cutter,6
stuffing,6
notebook,6
cupcakes,6
ago,6
tab,6
wife,6
smoke,6
heading,6
drizzled,6
cookies,6
tiled,6
bookcase,6
squating,6
employee,6
servings,6
cofee,6
otherwise,6
card,6
sliver,6
removing,6
korean,6
uniformed,6
mannequin,6
duo,6
college,6
popo,6
nik,6
buddha,6
squatter,6
unlit,6
musician,6
spraying,5
liquor,5
foil,5
cradled,5
vegetable,5
ignore,5
carrier,5
completed,5
piled,5
mention,5
flipping,5
selling,5
tablet,5
lookin,5
3547,5
office,5
human,5
numbers,5
link,5
whoops,5
key,5
dim,5
mines,5
agian,5
ront,5
[,5
respond,5
confirm,5
due,5
quickly,5
appeared,5
issue,5
blank,5
ours,5
baked,5
fixed,5
trolley,5
behing,5
reflective,5
tatoos,5
realize,5
labrador,5
sry,5
sleepy,5
asians,5
pieces,5
butter,5
fully,5
forefront,5
scout,5
hang,5
indeed,5
cuts,5
canister,5
woodpile,5
monitors,5
shooter,5
yelow,5
shooting,5
advance,5
mess,5
thru,5
soft,5
tooth,5
roundabout,5
nooo,5
emo,5
patch,5
figured,5
ys,5
quit,5
everywhere,5
baking,5
stickers,5
super,5
main,5
plane,5
mask,5
hidden,5
anyways,5
brim,5
appliances,5
slushie,5
tuxedo,5
smilling,5
alike,5
saucer,5
sundae,5
knees,5
motorycle,5
needs,5
sets,5
plants,5
cables,5
detail,5
mouses,5
searching,5
information,5
orders,5
raw,5
buisness,5
scratch,5
int,5
f,5
creamer,5
ans,5
trouni,5
shallow,5
greeen,5
including,5
doe,5
bonus,5
crane,5
glued,5
phot,5
bush,5
challah,5
regular,5
handles,5
puffs,5
prob,5
ride,5
backgroun,5
macbooks,5
brother,5
paver,5
goldish,5
lose,5
cupcake,5
stacks,5
splash,5
stab,5
portion,5
micky,5
icon,5
hiding,5
solider,5
checkard,5
galaga,5
antennae,5
dd,5
speaking,5
setup,5
receiver,5
somewhat,5
details,5
colour,5
pastries,5
omelet,5
package,5
mitts,5
covers,5
late,5
parfait,5
taller,5
cone,5
um,5
multicolor,5
squinting,5
ladys,5
attaching,5
ties,5
helps,5
ponytails,5
beans,5
turns,5
cellphones,5
easel,5
backside,5
boarding,5
generic,5
strainer,5
dock,5
curtain,5
lineup,5
ordering,5
shell,5
leave,5
tummy,5
yu,5
parlor,5
employees,5
gunk,5
kale,5
wrecker,5
desert,5
bows,5
woodchuck,5
columns,5
monster,5
faced,5
leaf,5
ahh,5
chartreuse,5
denim,5
hue,5
sunny,5
gamer,5
laps,5
firdge,5
hah,5
min,5
position,5
preserver,5
crumbled,5
booting,5
trackpad,5
blazers,5
sucks,5
crate,5
swirls,5
alongside,5
clunky,5
surfobard,5
comb,5
rv,5
spices,5
mr,5
bobbing,5
puppies,5
arial,5
kayaks,5
naks,5
options,5
cheeks,5
nipple,5
suzuki,5
tangerine,5
bland,5
sail,5
expensive,5
metallic,5
dishing,5
bycle,5
rows,4
telling,4
mustard,4
rounded,4
beverages,4
cab,4
write,4
forth,4
controler,4
deal,4
orage,4
rectangles,4
mustang,4
gave,4
it*,4
saddlebags,4
peeling,4
music,4
skating,4
confusing,4
lorry,4
auto,4
stew,4
candels,4
wide,4
understood,4
trick,4
hung,4
have*,4
whites,4
shoving,4
overlooking,4
gum,4
hehe,4
bet,4
woods,4
miss,4
free,4
handstands,4
that..,4
lighter,4
assuming,4
usually,4
trouble,4
hits,4
acting,4
womans,4
holing,4
fo,4
havea,4
higlighted,4
one..,4
dunno,4
dumpster,4
partitions,4
greyed,4
pplaying,4
stereo,4
lamps,4
necktie,4
beginning,4
restart,4
team,4
lost,4
woo,4
partly,4
hite,4
rescue,4
stairs,4
hungry,4
stands,4
separated,4
chunky,4
@,4
tile,4
bugged,4
convention,4
camara,4
bannanas,4
gree,4
straws,4
gigantic,4
raising,4
found,4
guy*,4
labtop,4
gril,4
custom,4
yous,4
love,4
aww,4
moms,4
sloucher,4
highlghted,4
kr,4
frying,4
makeup,4
competition,4
passengers,4
skeleton,4
grid,4
helmut,4
ad,4
%,4
boulders,4
ipad,4
hoding,4
reflecting,4
aguy,4
crap,4
peopl,4
bodyboarding,4
greetings,4
possible,4
hips,4
info,4
lack,4
actual,4
reflected,4
priority,4
jinx,4
feathers,4
notice,4
mustache,4
break,4
reach,4
flakes,4
ontop,4
ina,4
h,4
brocoli,4
cony,4
agaon,4
menu,4
lettuce,4
wrist,4
toast,4
hof,4
chopped,4
unfrosted,4
glider,4
balck,4
kimchi,4
every,4
quicker,4
berry,4
fly,4
od,4
comp,4
clarify,4
baret,4
unknown,4
slots,4
grapefuit,4
harley,4
cardigan,4
pokadot,4
1.75,4
whew,4
plz,4
lid,4
dinning,4
shall,4
burnt,4
drank,4
worry,4
pint,4
dounuts,4
writting,4
layered,4
yess,4
competitive,4
cute,4
palte,4
literally,4
indoors,4
device,4
cord,4
called,4
mason,4
redo,4
rdy,4
bro,4
adjusting,4
ou,4
tip,4
rocking,4
ways,4
k..next,4
focused,4
compare,4
slumping,4
eaters,4
jug,4
graffiti,4
backyard,4
olw,4
modified,4
busy,4
disconnected,4
excited,4
interesting,4
readers,4
nno,4
entryways,4
pair,4
clip,4
aircraft,4
brussel,4
sprouts,4
crumbles,4
mice,4
clown,4
wheelbarrow,4
tupperwares,4
laughed,4
squares,4
biking,4
movers,4
recliners,4
apparently,4
moment,4
bites,4
previously,4
oky,4
pond,4
haev,4
tackled,4
alphabets,4
entire,4
desktop,4
dusted,4
wants,4
happens,4
washing,4
various,4
slavation,4
shite,4
mandarin,4
whtie,4
macaroon,4
arranged,4
hog,4
thin,4
san,4
boogie,4
freeze,4
chain,4
militar,4
reclining,4
yesterday,4
sheets,4
males,4
hallway,4
burgundy,4
yikes,4
led,4
buckle,4
halfway,4
sadly,4
oblong,4
sittin,4
-d,4
alleyway,4
passenger,4
facial,4
disappeared,4
sititng,4
cadillac,4
hotrod,4
ambulance,4
words,4
tins,4
positano,4
baggage,4
wonderful,4
sailor,4
sponge,4
random,4
projector,4
creator,4
tannish,4
excuse,4
brats,4
beared,4
accents,4
controls,4
grab,4
lowrider,4
swimwear,4
wavy,4
levitating,4
helms,4
handed,4
slanted,4
riser,4
ladel,4
mio,4
whitewater,4
offered,4
crock,4
goggles,4
bump,4
pine,4
spagetti,4
bars,4
elbows,4
buckets,4
dimly,4
shades,4
barade,4
tux,4
prepping,4
attacking,4
sucking,4
purplish,4
allright,4
vomit,4
freezer,4
abcs,4
concrete,4
frizbe,4
teddie,4
curbside,4
placed,4
woohoo,4
bhudist,4
edit,4
ion,4
olives,4
bycyle,4
souped,4
flats,4
twighlight,4
grannies,4
nurse,4
strings,4
organizing,4
warmly,4
confusion,3
chance,3
twice,3
tipping,3
bull,3
pressing,3
ii,3
ornge,3
traveling,3
evening,3
comment,3
hace,3
harder,3
enjoy,3
currently,3
disposable,3
cycling,3
outfits,3
blck,3
cleans,3
bllue,3
cleared,3
junky,3
caught,3
hat*,3
snout,3
ridden,3
transit,3
pleasure,3
same..,3
yes*,3
backback,3
issues,3
switched,3
youre,3
dunking,3
backgound,3
drapes,3
bus..,3
blackish,3
umbrells,3
aboard,3
peice,3
reported,3
pedestal,3
reads,3
curled,3
mad,3
ptz,3
woodwich,3
confirming,3
ne,3
inf,3
meals,3
carry,3
soon,3
wristband,3
hmmmm,3
credit,3
eventually,3
fifth,3
reask,3
success,3
mothers,3
basketball,3
fridge*,3
wasnt,3
tumbler,3
calzone,3
suspenders,3
fireman,3
mit,3
buildings,3
man*,3
identify,3
friends,3
coated,3
peoples,3
rides,3
sniffing,3
grapfruit,3
plaing,3
brow,3
shitty,3
4th,3
responding,3
slowly,3
forgot,3
shacking,3
thave,3
thinking,3
perhaps,3
longboard,3
aint,3
vw,3
kyack,3
inflatable,3
leading,3
ack,3
okie,3
tons,3
panels,3
ever,3
speaker,3
horizontal,3
spinach,3
closet,3
rooms,3
paneled,3
southwestern,3
fault,3
patience,3
stirring,3
shi,3
shirt*,3
nest,3
darkened,3
sorts,3
donation,3
couch*,3
extension,3
wooded,3
slats,3
valances,3
normal,3
feels,3
easier,3
kiosk,3
royal,3
mixed,3
pressed,3
whote,3
6969y,3
per,3
headshot,3
drawn,3
ohh,3
k.,3
mee,3
tes,3
advancing,3
macoroons,3
plan,3
sparkle,3
hootsens,3
mc,3
foldout,3
zebra,3
tired,3
win,3
wodden,3
drapped,3
jumper,3
forground,3
dirtbiker,3
absolutely,3
protection,3
ridding,3
displaying,3
tone,3
hate,3
agin,3
used,3
total,3
considered,3
strapless,3
facedown,3
midevil,3
nopw,3
graphic,3
upward,3
wouldnt,3
wired,3
cradling,3
efficient,3
rummaging,3
screenshot,3
bowtie,3
medium,3
ith,3
whitish,3
replica,3
fill,3
g,3
aobut,3
uhhh,3
jersy,3
chilli,3
taht,3
standign,3
stiped,3
trail,3
minnie,3
dandelions,3
waist,3
whoa,3
wristwatch,3
class,3
pomerian,3
tto,3
wineglass,3
cheeseburger,3
mouthed,3
umbrell,3
disregard,3
cylinder,3
openings,3
rush,3
sportbike,3
fairing,3
sense,3
j,3
youtube,3
fella,3
sause,3
own,3
wake,3
listed,3
kick,3
enough,3
drop,3
speed,3
piza,3
grated,3
net,3
laggy,3
european,3
owners,3
bik,3
points,3
archways,3
pedal,3
bot,3
not*,3
general,3
wanted,3
fight,3
sunshine,3
slouch,3
cylinders,3
circuit,3
aswell,3
ends,3
sexy,3
started,3
tuner,3
circles,3
rings,3
helment,3
nvm,3
portions,3
tanker,3
hightlighted,3
unpacking,3
paisanos,3
glow,3
pumps,3
motorcylcle,3
piglet,3
duy,3
longer,3
bye,3
slicker,3
save,3
symbols,3
uncut,3
wat,3
ribbons,3
dounts,3
scrap,3
poorly,3
bno,3
witht,3
less,3
un,3
umbella,3
phoen,3
garment,3
dip,3
ahhh,3
bue,3
elphant,3
level,3
buddy,3
doggo,3
rubbing,3
regarding,3
blake,3
delay,3
teo,3
decent,3
chopper,3
laoptop,3
haave,3
ddone,3
shipping,3
removed,3
thre,3
spilled,3
silverish,3
lic,3
ending,3
candies,3
truffles,3
shir,3
recipient,3
homemade,3
boar,3
i.,3
borders,3
entry,3
unbuttoned,3
tha,3
seriously,3
sheriff,3
sherriff,3
tees,3
decorations,3
yelloe,3
wtf,3
touchpad,3
kitten,3
pillar,3
die,3
maker,3
paving,3
oak,3
wallpaper,3
businessmen,3
suited,3
uy,3
shoe,3
pifferoles,3
climing,3
youhave,3
rhino,3
diffrent,3
enter,3
finger,3
rag,3
daquiri,3
crosswalk,3
talk,3
interview,3
somethng,3
buddies,3
pound,3
language,3
porch,3
swing,3
chicks,3
pullover,3
weather,3
marking,3
blondish,3
onward,3
ooh,3
yams,3
forehead,3
brick,3
wrote,3
braided,3
joystick,3
whizzing,3
squatted,3
packpack,3
frisbe,3
highly,3
lr,3
crowded,3
although,3
spell,3
explain,3
politician,3
base,3
wht,3
dungarees,3
stovetop,3
noooo,3
smily,3
grape,3
tattooed,3
tatooed,3
sufrboards,3
characters,3
sleave,3
ups,3
centered,3
easiest,3
fpov,3
greasy,3
downward,3
begin,3
sits,3
hooking,3
headstand,3
motif,3
fornt,3
urs,3
orangy,3
partition,3
grillin,3
em,3
tabby,3
bay,3
carrotte,3
slide,3
carrotts,3
aw,3
havent,3
diamond,3
lonely,3
folks,3
colorfull,3
hilighted,3
boot,3
woan,3
entrance,3
bacvk,3
careful,3
neckerchief,3
luggae,3
heres,3
handing,3
oki,3
order,3
^^,3
matters,3
tights,3
tufted,3
submited,3
pans,3
remove,3
repeated,3
saurkraut,3
unchecked,3
queue,3
overturned,3
wetsuits,3
tryke,3
spag,3
petals,3
cyan,3
garnish,3
barrel,3
collored,3
rests,3
tuft,3
doorways,3
stringy,3
indented,3
west,3
national,3
id,3
built,3
helmit,3
mirrored,3
axii,3
wiskers,3
eats,3
resturant,3
unsure,3
annoying,3
herbs,3
hindu,3
schepra,3
scherpra,3
aluminum,3
bookbag,3
dairy,3
barrier,3
floating,3
booths,3
pushing,3
highlighter,3
fisherman,3
sorta,3
nak,3
spaces,3
flash,3
yah,3
caucasion,3
yellows,3
chocolates,3
spotty,3
reopened,3
axels,3
budda,3
commons,3
visor,3
russell,3
crow,3
hoosten,3
confetti,3
tugged,3
indent,3
server,3
flashlight,3
duty,3
sedan,3
whitey,3
mound,3
rails,3
mootsen,3
califlower,3
carried,3
scoccer,3
carriers,3
stirfry,3
riverside,3
cappacino,3
